snapshot_date,product_id,vintage,outstanding_balance,current_count,dpd_30,dpd_60,dpd_90_plus,chargeoff_amount
2025-01-01,1,2022-Q1,885018,48,1,0,0,1322.39
2025-01-01,1,2022-Q2,933697,50,1,0,0,808.7
2025-01-01,1,2022-Q3,1305692,71,1,0,0,716.15
2025-01-01,1,2022-Q4,1339870,73,1,0,0,1610.26
2025-01-01,1,2023-Q1,1367703,73,2,0,0,1005.32
2025-01-01,1,2023-Q2,1135056,62,1,0,0,964.23
2025-01-01,1,2023-Q3,1615531,88,1,0,0,2065.68
2025-01-01,1,2023-Q4,1839457,100,2,0,0,2511.38
2025-01-01,1,2024-Q1,1404202,77,1,0,0,1615.07
2025-01-01,1,2024-Q2,1694345,92,2,0,0,1097.09
2025-01-01,1,2024-Q3,2214265,120,2,1,0,3236.39
2025-01-01,1,2024-Q4,1751729,94,2,1,0,1656.09
2025-01-01,2,2022-Q1,746745,38,2,1,0,2563.24
2025-01-01,2,2022-Q2,920421,47,3,1,0,3559.27
2025-01-01,2,2022-Q3,1007084,50,3,2,0,5035.39
2025-01-01,2,2022-Q4,1344529,66,5,2,1,6615.96
2025-01-01,2,2023-Q1,1166005,59,3,1,1,4463.53
2025-01-01,2,2023-Q2,1563935,79,4,2,1,11688.42
2025-01-01,2,2023-Q3,1287443,65,4,1,1,6896.01
2025-01-01,2,2023-Q4,1636743,82,5,2,1,6950.85
2025-01-01,2,2024-Q1,1610511,82,4,2,1,9110.4
2025-01-01,2,,1928656,98,5,3,1,13850.0
2025-01-01,2,2024-Q3,2128465,108,6,3,1,9811.17
2025-01-01,2,2024-Q4,2214101,114,6,2,1,6731.82
2025-01-01,3,2022-Q1,1026419,44,8,4,1,19438.96
2025-01-01,3,2022-Q2,914962,39,5,4,2,12124.27
2025-01-01,3,2022-Q3,1026938,45,8,2,2,15312.59
2025-01-01,3,2022-Q4,1094257,47,8,3,2,20193.29
2025-01-01,3,2023-Q1,1098169,49,8,3,1,19876.1
2025-01-01,3,2023-Q2,1581821,67,12,6,2,26687.79
2025-01-01,3,2023-Q3,1534056,69,10,4,2,17885.94
2025-01-01,3,2023-Q4,1422649,61,11,4,3,18169.06
2025-01-01,3,2024-Q1,1415990,64,8,4,2,17862.87
2025-01-01,3,2024-Q2,1541251,68,10,4,3,28639.7
2025-01-01,3,2024-Q3,1947242,91,10,5,2,25704.36
2025-01-01,3,2024-Q4,1604394,72,11,4,2,26364.81
2025-01-01,4,2022-Q1,2197097,61,1,0,0,1710.88
2025-01-01,4,2022-Q2,2029884,56,1,0,0,2917.62
2025-01-01,4,2022-Q3,2248252,63,1,0,0,2965.42
2025-01-01,4,2022-Q4,2572891,72,1,0,0,3286.7
2025-01-01,4,2023-Q1,2770736,77,2,0,0,4094.9
2025-01-01,4,2023-Q2,3249371,90,1,1,0,1876.21
2025-01-01,4,2023-Q3,4252411,118,2,1,0,2720.17
2025-01-01,4,2023-Q4,4485370,124,3,1,0,5390.1
2025-01-01,4,2024-Q1,3751214,106,1,0,0,3429.55
2025-01-01,4,2024-Q2,5151526,144,2,1,0,5047.0
2025-01-01,4,2024-Q3,5651626,156,4,1,0,7958.94
2025-01-01,4,2024-Q4,5894877,164,3,1,0,6827.59
2025-01-01,5,2022-Q1,2089843,58,1,0,0,1798.14
2025-01-01,5,2022-Q2,2620040,73,1,0,0,2706.16
2025-01-01,5,2022-Q3,3239396,89,2,1,0,2528.03
2025-01-01,5,2022-Q4,2701553,75,2,0,0,1569.89
2025-01-01,5,2023-Q1,3360811,95,1,0,0,4701.85
2025-01-01,5,2023-Q2,3339579,93,2,0,0,2732.58
2025-01-01,5,2023-Q3,3597661,101,1,0,0,2232.84
2025-01-01,5,2023-Q4,3565499,99,2,0,0,4394.76
2025-01-01,5,2024-Q1,4612445,127,3,1,0,3729.11
2025-01-01,5,2024-Q2,4396950,123,1,1,0,5707.07
2025-01-01,5,2024-Q3,5178860,143,3,1,0,6429.88
2025-01-01,5,2024-Q4,5443014,153,2,0,0,8136.92
2025-01-01,6,2022-Q1,2258720,59,4,1,0,6806.57
2025-01-01,6,2022-Q2,2088205,53,4,1,1,14704.69
2025-01-01,6,2022-Q3,2521124,66,4,1,1,10252.29
2025-01-01,6,2022-Q4,3540018,94,4,2,1,14605.59
2025-01-01,6,2023-Q1,2710556,72,3,2,0,7321.22
2025-01-01,6,2023-Q2,4120324,108,5,3,1,22260.76
2025-01-01,6,2023-Q3,4393684,116,6,2,1,30000.67
2025-01-01,6,2023-Q4,4446048,116,8,2,1,32244.04
2025-01-01,6,2024-Q1,4816904,127,5,4,1,12250.07
2025-01-01,6,2024-Q2,4255997,109,7,4,1,24768.28
2025-01-01,6,2024-Q3,5022314,129,9,3,2,24929.2
2025-01-01,6,2024-Q4,4567583,121,5,3,1,21786.84
2025-01-01,7,2022-Q1,7288413,26,0,0,0,6597.88
2025-01-01,7,2022-Q2,8193909,29,0,0,0,7316.98
2025-01-01,7,2022-Q3,7207933,25,0,0,0,7301.01
2025-01-01,7,2022-Q4,10674181,38,0,0,0,9416.17
2025-01-01,7,2023-Q1,8382835,29,0,0,0,6862.94
2025-01-01,7,2023-Q2,12129754,42,1,0,0,15567.0
2025-01-01,7,2023-Q3,11295621,40,0,0,0,9557.12
2025-01-01,7,2023-Q4,10139620,35,1,0,0,13955.96
2025-01-01,7,2024-Q1,13614208,47,1,0,0,17692.14
2025-01-01,7,2024-Q2,11827297,42,0,0,0,9209.77
2025-01-01,7,2024-Q3,16789248,58,1,0,0,11304.57
2025-01-01,7,2024-Q4,17963910,63,1,0,0,20315.51
2025-01-01,8,2022-Q1,7416557,26,0,0,0,4819.25
2025-01-01,8,2022-Q2,8557206,30,0,0,0,9835.42
2025-01-01,8,2022-Q3,7239291,25,0,0,0,7514.62
2025-01-01,8,2022-Q4,7726972,27,0,0,0,9244.99
2025-01-01,8,2023-Q1,8383506,29,0,0,0,8238.02
2025-01-01,8,2023-Q2,10553173,37,0,0,0,11939.54
2025-01-01,8,2023-Q3,9395189,33,0,0,0,4856.75
2025-01-01,8,2023-Q4,10139938,36,0,0,0,7220.07
2025-01-01,8,2024-Q1,11454418,40,0,0,0,11447.7
2025-01-01,8,2024-Q2,11691048,41,0,0,0,13168.73
2025-01-01,8,2024-Q3,15939975,55,1,0,0,8283.45
2025-01-01,8,2024-Q4,12798650,45,0,0,0,13886.75
2025-01-01,9,2022-Q1,6976248,23,1,0,0,35271.81
2025-01-01,9,2022-Q2,7904762,26,2,0,0,27318.56
2025-01-01,9,2022-Q3,9325144,31,2,0,0,28795.8
2025-01-01,9,2022-Q4,9962339,34,1,0,0,55086.14
2025-01-01,9,2023-Q1,8122403,27,1,1,0,60287.41
2025-01-01,9,2023-Q2,8878674,30,1,0,0,37703.25
2025-01-01,9,2023-Q3,10368063,35,2,0,0,54437.39
2025-01-01,9,2023-Q4,12260828,39,3,1,0,38246.35
2025-01-01,9,2024-Q1,11138010,37,1,1,0,63909.41
2025-01-01,9,2024-Q2,13234436,44,2,1,0,50774.36
2025-01-01,9,2024-Q3,15351530,50,3,1,0,85588.01
2025-01-01,9,2024-Q4,14571284,49,2,1,0,100838.54
2025-01-01,10,2022-Q1,411135,75,4,2,1,1198.48
2025-01-01,10,2022-Q2,472518,84,6,3,1,1413.5
2025-01-01,10,2022-Q3,502407,89,7,3,1,2901.57
2025-01-01,10,2022-Q4,523430,94,6,3,1,3316.27
2025-01-01,10,2023-Q1,425884,79,5,1,0,1509.47
2025-01-01,10,2023-Q2,562936,102,7,2,1,2303.57
2025-01-01,10,2023-Q3,597690,109,7,2,1,2137.91
2025-01-01,10,2023-Q4,513376,95,4,2,1,1684.23
2025-01-01,10,2024-Q1,758935,135,10,4,2,3181.39
2025-01-01,10,2024-Q2,766725,143,6,2,2,4003.93
2025-01-01,10,2024-Q3,620769,114,6,3,1,1939.91
2025-01-01,10,2024-Q4,672409,123,7,3,1,3378.33
2025-01-01,11,2022-Q1,362451,71,1,0,0,261.22
2025-01-01,11,2022-Q2,420857,82,1,1,0,586.2
2025-01-01,11,2022-Q3,355855,70,1,0,0,378.4
2025-01-01,11,2022-Q4,397741,78,1,0,0,251.49
2025-01-01,11,2023-Q1,428545,83,2,0,0,339.47
2025-01-01,11,2023-Q2,583653,113,2,1,0,383.08
2025-01-01,11,2023-Q3,663104,129,2,1,0,815.38
2025-01-01,11,2023-Q4,720946,141,2,1,0,716.53
2025-01-01,11,2024-Q1,566057,111,2,0,0,470.02
2025-01-01,11,2024-Q2,766178,150,2,1,0,894.48
2025-01-01,11,2024-Q3,848160,164,4,1,0,873.27
2025-01-01,11,2024-Q4,743365,145,2,1,0,534.65
2025-01-01,12,2022-Q1,417394,65,11,5,2,5291.67
2025-01-01,12,2022-Q2,429758,68,8,5,4,4496.42
2025-01-01,12,2022-Q3,520999,82,14,5,3,6800.74
2025-01-01,12,2022-Q4,531313,84,11,7,4,4984.58
2025-01-01,12,2023-Q1,495848,77,14,5,3,5718.94
2025-01-01,12,2023-Q2,639770,102,14,8,3,8687.72
2025-01-01,12,2023-Q3,607914,100,11,7,3,10198.58
2025-01-01,12,2023-Q4,657396,106,15,6,4,14505.25
2025-01-01,12,2024-Q1,797734,135,13,7,4,12149.06
2025-01-01,12,2024-Q2,813826,133,20,6,3,12592.77
2025-01-01,12,2024-Q3,899723,148,14,11,6,8256.64
2025-01-01,12,2024-Q4,936396,151,24,8,4,20312.21
2025-02-01,1,2022-Q1,740405,41,0,0,0,574.03
2025-02-01,1,2022-Q2,0,0,1,0,0,961.66
2025-02-01,1,2022-Q3,1105107,60,1,0,0,1618.87
2025-02-01,1,2022-Q4,1021686,55,1,0,0,782.62
2025-02-01,1,2023-Q1,1511796,81,1,1,0,1801.1
2025-02-01,1,2023-Q2,1285872,70,1,0,0,1891.03
2025-02-01,1,2023-Q3,1414043,76,2,0,0,1365.1
2025-02-01,1,2023-Q4,1841226,100,2,0,0,1106.66
2025-02-01,1,2024-Q1,1885842,102,2,0,0,1228.88
2025-02-01,1,2024-Q2,1529067,82,2,0,0,2186.28
2025-02-01,1,2024-Q3,2149459,117,1,1,0,2251.7
2025-02-01,1,2024-Q4,2272125,124,2,0,0,3081.5
2025-02-01,2,2022-Q1,1026464,52,4,1,0,3930.55
2025-02-01,2,2022-Q2,910010,46,3,1,0,6153.49
2025-02-01,2,2022-Q3,1213449,61,3,2,1,5988.01
2025-02-01,2,2022-Q4,0,0,3,1,0,3047.52
2025-02-01,2,2023-Q1,1422735,74,3,1,1,6532.55
2025-02-01,2,2023-Q2,1286187,64,4,2,1,6296.35
2025-02-01,2,2023-Q3,1798678,89,6,3,1,13397.31
2025-02-01,2,2023-Q4,1747793,89,6,1,1,12465.23
2025-02-01,2,2024-Q1,1855811,94,5,3,1,10342.24
2025-02-01,2,2024-Q2,1627909,84,3,3,0,5189.15
2025-02-01,2,2024-Q3,1565418,79,4,2,1,11691.91
2025-02-01,2,2024-Q4,1860583,97,4,2,0,5761.21
2025-02-01,3,2022-Q1,776119,28,8,5,2,18961.28
2025-02-01,3,2022-Q2,931128,31,12,5,3,11558.37
2025-02-01,3,2022-Q3,986903,37,11,4,2,19390.42
2025-02-01,3,2022-Q4,1105073,43,9,7,2,34388.47
2025-02-01,3,2023-Q1,1047277,42,9,4,3,12325.18
2025-02-01,3,2023-Q2,1161645,41,13,7,3,27872.12
2025-02-01,3,2023-Q3,1232444,48,9,8,3,39474.55
2025-02-01,3,2023-Q4,1288836,47,14,6,4,21109.56
2025-02-01,3,2024-Q1,1837735,70,15,11,6,44243.99
2025-02-01,3,2024-Q2,1702750,69,11,10,4,37695.28
2025-02-01,3,2024-Q3,1928710,79,14,10,4,33891.08
2025-02-01,3,2024-Q4,2077981,81,17,12,5,55467.81
2025-02-01,4,2022-Q1,2461558,68,2,0,0,2238.78
2025-02-01,4,2022-Q2,0,0,2,0,0,3489.43
2025-02-01,4,2022-Q3,0,0,1,0,0,4446.32
2025-02-01,4,2022-Q4,0,0,2,1,0,4270.1
2025-02-01,4,2023-Q1,3589210,99,2,1,0,3346.33
2025-02-01,4,2023-Q2,3215500,89,2,0,0,4389.55
2025-02-01,4,2023-Q3,3130940,88,1,0,0,1835.3
2025-02-01,4,2023-Q4,4054563,112,2,1,0,2967.88
2025-02-01,4,2024-Q1,4932792,137,2,1,0,5018.8
2025-02-01,4,2024-Q2,5130915,143,2,1,0,4646.97
2025-02-01,4,2024-Q3,4910993,137,2,1,0,6038.62
2025-02-01,4,2024-Q4,4274009,119,2,1,0,4151.64
2025-02-01,5,2022-Q1,1962752,55,1,0,0,1956.68
2025-02-01,5,2022-Q2,2491699,70,1,0,0,3591.82
2025-02-01,5,2022-Q3,3117713,87,2,0,0,3446.05
2025-02-01,5,2022-Q4,3506752,97,3,0,0,4483.43
2025-02-01,5,2023-Q1,3876701,106,3,1,0,4639.31
2025-02-01,5,2023-Q2,3311147,91,2,1,0,2551.51
2025-02-01,5,2023-Q3,3413312,94,2,1,0,4131.7
2025-02-01,5,2023-Q4,3216553,90,1,0,0,3101.0
2025-02-01,5,2024-Q1,4039072,113,2,0,0,3261.29
2025-02-01,5,2024-Q2,4488293,125,2,1,0,3960.46
2025-02-01,5,2024-Q3,4510551,124,3,1,0,2576.36
2025-02-01,5,2024-Q4,5532710,154,3,1,0,6851.25
2025-02-01,6,2022-Q1,0,0,3,2,0,9736.87
2025-02-01,6,2022-Q2,2350692,61,3,2,1,11697.13
2025-02-01,6,2022-Q3,2786358,72,4,2,1,7381.54
2025-02-01,6,2022-Q4,3100629,79,6,2,1,21654.16
2025-02-01,6,2023-Q1,3705793,96,5,3,1,25562.42
2025-02-01,6,2023-Q2,3032873,78,6,1,1,15995.75
2025-02-01,6,2023-Q3,4097868,106,7,3,1,28340.46
2025-02-01,6,2023-Q4,3697370,96,6,2,1,9866.0
2025-02-01,6,2024-Q1,4373252,113,7,3,1,15105.96
2025-02-01,6,2024-Q2,3870936,101,6,2,1,21042.16
2025-02-01,6,2024-Q3,5470457,147,6,2,1,40012.84
2025-02-01,6,2024-Q4,5188303,135,8,4,1,28470.99
2025-02-01,7,2022-Q1,0,0,0,0,0,6420.49
2025-02-01,7,2022-Q2,6634310,23,0,0,0,7956.51
2025-02-01,7,2022-Q3,8063263,28,0,0,0,5795.56
2025-02-01,7,2022-Q4,7667530,27,0,0,0,4439.3
2025-02-01,7,2023-Q1,11473090,40,0,0,0,13895.31
2025-02-01,7,2023-Q2,8981541,32,0,0,0,11756.58
2025-02-01,7,2023-Q3,11653404,41,0,0,0,11464.04
2025-02-01,7,2023-Q4,10579485,37,0,0,0,12622.6
2025-02-01,7,2024-Q1,10221722,36,0,0,0,10286.66
2025-02-01,7,2024-Q2,12133197,42,1,0,0,9660.78
2025-02-01,7,2024-Q3,11622071,41,0,0,0,12548.51
2025-02-01,7,2024-Q4,13349357,46,1,0,0,7292.38
2025-02-01,8,2022-Q1,6698237,23,0,0,0,6717.33
2025-02-01,8,2022-Q2,0,0,0,0,0,9210.85
2025-02-01,8,2022-Q3,0,0,0,0,0,4571.92
2025-02-01,8,2022-Q4,0,0,0,0,0,11179.89
2025-02-01,8,2023-Q1,9264234,33,0,0,0,11797.78
2025-02-01,8,2023-Q2,11896161,42,0,0,0,13180.08
2025-02-01,8,2023-Q3,13165615,46,1,0,0,14757.25
2025-02-01,8,2023-Q4,10576567,37,0,0,0,10035.25
2025-02-01,8,2024-Q1,11560055,40,1,0,0,10263.92
2025-02-01,8,2024-Q2,15151808,54,0,0,0,15299.54
2025-02-01,8,2024-Q3,15052561,53,0,0,0,15446.86
2025-02-01,8,2024-Q4,13304898,47,0,0,0,12898.04
2025-02-01,9,2022-Q1,5680393,19,1,0,0,29960.65
2025-02-01,9,2022-Q2,8108847,27,1,0,0,45457.61
2025-02-01,9,2022-Q3,8861454,29,1,1,0,59282.58
2025-02-01,9,2022-Q4,7392421,25,1,0,0,40509.94
2025-02-01,9,2023-Q1,11562052,37,3,1,0,42632.46
2025-02-01,9,2023-Q2,12093393,40,2,1,0,89894.6
2025-02-01,9,2023-Q3,12838869,41,3,1,0,88878.18
2025-02-01,9,2023-Q4,11565721,38,2,1,0,44875.61
2025-02-01,9,2024-Q1,10598887,36,1,0,0,57434.23
2025-02-01,9,2024-Q2,14093440,46,3,1,0,42842.65
2025-02-01,9,2024-Q3,13040347,43,2,1,0,68831.86
2025-02-01,9,2024-Q4,15231971,51,2,1,0,98560.02
2025-02-01,10,2022-Q1,0,0,3,1,0,2180.04
2025-02-01,10,2022-Q2,421637,75,6,2,1,1792.68
2025-02-01,10,2022-Q3,0,0,5,2,1,3659.59
2025-02-01,10,2022-Q4,0,0,6,4,1,3023.11
2025-02-01,10,2023-Q1,479695,86,6,2,1,1512.14
2025-02-01,10,2023-Q2,450837,81,5,3,1,2430.52
2025-02-01,10,2023-Q3,588929,105,8,3,1,3031.12
2025-02-01,10,2023-Q4,583138,105,6,3,2,2643.55
2025-02-01,10,2024-Q1,803954,147,9,3,1,4835.57
2025-02-01,10,2024-Q2,781222,140,10,4,2,2680.6
2025-02-01,10,2024-Q3,785878,143,9,4,1,5201.5
2025-02-01,10,2024-Q4,752776,137,9,3,1,5010.44
2025-02-01,11,2022-Q1,0,0,1,0,0,370.56
2025-02-01,11,2022-Q2,420944,81,2,1,0,537.01
2025-02-01,11,2022-Q3,461011,89,3,0,0,457.41
2025-02-01,11,2022-Q4,0,0,1,0,0,574.98
2025-02-01,11,2023-Q1,609983,118,2,1,0,469.34
2025-02-01,11,2023-Q2,593644,115,2,1,0,828.13
2025-02-01,11,2023-Q3,644254,125,2,1,0,898.94
2025-02-01,11,2023-Q4,522195,103,1,0,0,519.47
2025-02-01,11,2024-Q1,650270,128,2,0,0,360.66
2025-02-01,11,2024-Q2,643004,124,3,1,0,898.01
2025-02-01,11,2024-Q3,650713,126,3,1,0,765.33
2025-02-01,11,2024-Q4,659738,128,2,1,0,787.74
2025-02-01,12,2022-Q1,372261,49,15,7,3,10541.24
2025-02-01,12,2022-Q2,0,0,13,8,5,6803.49
2025-02-01,12,2022-Q3,446004,58,17,10,4,13276.05
2025-02-01,12,2022-Q4,450489,61,13,11,5,6783.42
2025-02-01,12,2023-Q1,432035,58,17,6,5,8232.53
2025-02-01,12,2023-Q2,612914,83,24,10,5,19997.74
2025-02-01,12,2023-Q3,546225,80,15,9,5,17330.81
2025-02-01,12,2023-Q4,699878,99,24,10,6,17561.89
2025-02-01,12,2024-Q1,738967,102,21,15,9,12071.06
2025-02-01,12,2024-Q2,611267,86,19,11,6,17989.21
2025-02-01,12,2024-Q3,753483,104,28,11,7,19743.25
2025-02-01,12,,641260,93,18,13,4,8604.42
2025-03-01,1,2022-Q1,788488,42,1,0,0,547.55
2025-03-01,1,2022-Q2,831759,45,1,0,0,884.11
2025-03-01,1,2022-Q3,946248,51,1,0,0,576.92
2025-03-01,1,2022-Q4,1064279,58,1,0,0,634.51
2025-03-01,1,2023-Q1,1052498,57,1,0,0,600.79
2025-03-01,1,2023-Q2,1241195,66,2,0,0,670.25
2025-03-01,1,2023-Q3,1753083,96,1,0,0,2328.6
2025-03-01,1,2023-Q4,1471021,80,1,0,0,998.06
2025-03-01,1,2024-Q1,1983305,107,2,1,0,2268.22
2025-03-01,1,2024-Q2,2144607,116,2,1,0,2225.19
2025-03-01,1,2024-Q3,1976155,108,1,0,0,2230.22
2025-03-01,1,2024-Q4,2165020,118,2,0,0,1893.99
2025-03-01,2,2022-Q1,1000382,51,3,1,0,4855.42
2025-03-01,2,2022-Q2,1098230,55,3,2,1,9498.89
2025-03-01,2,2022-Q3,988027,50,3,1,0,4651.48
2025-03-01,2,2022-Q4,1347700,65,6,2,1,6899.31
2025-03-01,2,2023-Q1,1281064,64,4,2,1,7104.62
2025-03-01,2,2023-Q2,1569729,78,6,2,1,7918.92
2025-03-01,2,2023-Q3,1306533,64,4,3,1,6427.95
2025-03-01,2,2023-Q4,1768260,90,5,2,1,15110.71
2025-03-01,2,2024-Q1,2025165,101,6,4,1,13297.17
2025-03-01,2,2024-Q2,1686622,85,4,3,1,8383.63
2025-03-01,2,2024-Q3,2086990,103,8,3,1,10257.46
2025-03-01,2,2024-Q4,2234749,110,8,4,2,9142.36
2025-03-01,3,2022-Q1,1048613,37,14,4,3,29986.74
2025-03-01,3,2022-Q2,1095072,39,12,7,2,15022.97
2025-03-01,3,2022-Q3,1115417,37,12,8,4,27752.25
2025-03-01,3,2022-Q4,989415,37,10,5,2,17357.62
2025-03-01,3,2023-Q1,1357228,49,16,6,4,32028.36
2025-03-01,3,2023-Q2,1538175,54,18,8,5,40562.63
2025-03-01,3,2023-Q3,1514525,61,11,9,3,28364.83
2025-03-01,3,2023-Q4,1864853,72,18,9,4,22839.36
2025-03-01,3,2024-Q1,1925886,77,14,10,5,35687.96
2025-03-01,3,2024-Q2,2047190,82,13,12,6,31171.53
2025-03-01,3,2024-Q3,2146242,85,18,10,6,39114.42
2025-03-01,3,2024-Q4,2171147,94,14,8,4,27452.33
2025-03-01,4,2022-Q1,1918016,53,1,0,0,1127.39
2025-03-01,4,2022-Q2,2346459,66,1,0,0,1269.97
2025-03-01,4,2022-Q3,2582831,72,1,0,0,2034.68
2025-03-01,4,2022-Q4,2607354,72,2,0,0,3038.79
2025-03-01,4,2023-Q1,3001954,83,2,0,0,1768.48
2025-03-01,4,2023-Q2,3234832,90,2,0,0,3443.38
2025-03-01,4,2023-Q3,3610942,102,1,0,0,4198.92
2025-03-01,4,2023-Q4,4420084,122,3,1,0,4887.2
2025-03-01,4,2024-Q1,3676156,104,1,0,0,3186.45
2025-03-01,4,2024-Q2,4393926,122,2,1,0,3594.65
2025-03-01,4,2024-Q3,5348560,150,2,0,0,6290.88
2025-03-01,4,2024-Q4,4455582,126,1,0,0,4686.72
2025-03-01,5,2022-Q1,2339289,65,1,0,0,1767.75
2025-03-01,5,2022-Q2,2756539,75,2,1,0,3206.07
2025-03-01,5,2022-Q3,2571011,72,1,0,0,2078.35
2025-03-01,5,2022-Q4,2636421,74,1,0,0,2204.91
2025-03-01,5,2023-Q1,3144554,86,2,1,0,1865.22
2025-03-01,5,2023-Q2,3649402,101,2,1,0,4555.79
2025-03-01,5,2023-Q3,3718275,103,3,0,0,5428.06
2025-03-01,5,2023-Q4,4545528,127,2,0,0,5335.42
2025-03-01,5,2024-Q1,4341226,122,2,0,0,6480.89
2025-03-01,5,2024-Q2,3925034,110,2,0,0,4576.83
2025-03-01,5,2024-Q3,5665102,158,2,1,0,7047.32
2025-03-01,5,2024-Q4,4407478,123,2,0,0,4107.47
2025-03-01,6,2022-Q1,2206487,56,5,1,1,17259.67
2025-03-01,6,2022-Q2,2356497,60,6,1,0,20458.23
2025-03-01,6,2022-Q3,2993672,76,6,2,1,25063.39
2025-03-01,6,2022-Q4,2624959,67,4,2,1,17586.63
2025-03-01,6,2023-Q1,3377923,85,7,2,2,12907.87
2025-03-01,6,2023-Q2,3515178,91,5,3,1,13550.61
2025-03-01,6,2023-Q3,4360602,111,6,5,2,19321.06
2025-03-01,6,2023-Q4,3741271,93,7,4,2,21758.32
2025-03-01,6,2024-Q1,4768281,123,7,4,2,22003.9
2025-03-01,6,2024-Q2,3708448,96,6,2,1,30487.36
2025-03-01,6,2024-Q3,4823826,126,6,3,2,29770.09
2025-03-01,6,2024-Q4,4936443,131,6,3,1,31818.29
2025-03-01,7,2022-Q1,6227133,22,0,0,0,6345.37
2025-03-01,7,2022-Q2,6597420,23,0,0,0,3877.85
2025-03-01,7,2022-Q3,8797220,31,0,0,0,6297.48
2025-03-01,7,2022-Q4,7375379,26,0,0,0,9248.83
2025-03-01,7,2023-Q1,9343309,33,0,0,0,9478.7
2025-03-01,7,2023-Q2,10252954,36,0,0,0,13261.44
2025-03-01,7,2023-Q3,10361914,37,0,0,0,13694.75
2025-03-01,7,2023-Q4,10856712,38,0,0,0,6003.42
2025-03-01,7,2024-Q1,11368173,40,0,0,0,16939.13
2025-03-01,7,2024-Q2,12792243,45,0,0,0,10840.12
2025-03-01,7,2024-Q3,15875684,55,1,0,0,22999.65
2025-03-01,7,2024-Q4,15213857,53,1,0,0,7666.29
2025-03-01,8,2022-Q1,5909415,21,0,0,0,4992.3
2025-03-01,8,2022-Q2,7778091,27,0,0,0,4000.39
2025-03-01,8,2022-Q3,6934360,24,0,0,0,4153.55
2025-03-01,8,2022-Q4,8389633,29,0,0,0,5684.33
2025-03-01,8,2023-Q1,9390934,33,0,0,0,13644.71
2025-03-01,8,2023-Q2,10155587,36,0,0,0,7397.19
2025-03-01,8,2023-Q3,9490737,33,0,0,0,11948.68
2025-03-01,8,2023-Q4,13889511,48,1,0,0,20757.71
2025-03-01,8,2024-Q1,10564521,37,0,0,0,10763.61
2025-03-01,8,2024-Q2,13638537,47,1,0,0,7823.71
2025-03-01,8,2024-Q3,14713642,52,0,0,0,16963.47
2025-03-01,8,2024-Q4,12063676,42,1,0,0,10425.18
2025-03-01,9,2022-Q1,5633360,19,1,0,0,35619.03
2025-03-01,9,2022-Q2,8086749,25,2,1,0,50639.85
2025-03-01,9,2022-Q3,6688157,21,1,1,0,58013.16
2025-03-01,9,2022-Q4,10060882,32,3,0,0,86500.46
2025-03-01,9,2023-Q1,9709303,31,2,1,0,69014.57
2025-03-01,9,2023-Q2,10991664,35,3,1,0,67304.79
2025-03-01,9,2023-Q3,9854632,32,2,1,0,59878.43
2025-03-01,9,2023-Q4,12195737,40,2,1,0,71426.32
2025-03-01,9,2024-Q1,11373374,37,2,1,0,99607.58
2025-03-01,9,2024-Q2,14875715,49,3,1,0,132100.58
2025-03-01,9,2024-Q3,16679194,56,2,1,0,128128.65
2025-03-01,9,2024-Q4,15010134,49,3,1,0,122617.31
2025-03-01,10,2022-Q1,340439,60,5,2,1,1378.67
2025-03-01,10,2022-Q2,417086,74,6,2,1,1632.61
2025-03-01,10,2022-Q3,442366,78,6,3,1,3112.72
2025-03-01,10,2022-Q4,387727,69,4,3,1,1687.43
2025-03-01,10,2023-Q1,418890,75,4,3,1,3508.57
2025-03-01,10,2023-Q2,512932,91,8,2,1,2910.96
2025-03-01,10,2023-Q3,670614,120,8,4,2,5209.82
2025-03-01,10,2023-Q4,523953,94,5,4,1,1799.06
2025-03-01,10,2024-Q1,600595,106,8,4,2,1953.87
2025-03-01,10,2024-Q2,804884,141,10,6,3,6036.71
2025-03-01,10,2024-Q3,725060,130,9,4,2,6426.53
2025-03-01,10,2024-Q4,832972,151,11,3,1,7408.45
2025-03-01,11,2022-Q1,398796,77,2,0,0,259.02
2025-03-01,11,2022-Q2,412000,80,2,0,0,273.31
2025-03-01,11,2022-Q3,374161,72,2,0,0,452.75
2025-03-01,11,2022-Q4,489442,94,2,1,0,620.12
2025-03-01,11,2023-Q1,491022,95,2,1,0,341.19
2025-03-01,11,2023-Q2,510670,99,2,1,0,380.83
2025-03-01,11,2023-Q3,595141,116,2,1,0,418.62
2025-03-01,11,2023-Q4,661484,128,3,1,0,489.79
2025-03-01,11,2024-Q1,659215,128,3,0,0,629.46
2025-03-01,11,2024-Q2,795501,155,3,1,0,1150.55
2025-03-01,11,2024-Q3,668855,129,3,1,0,406.26
2025-03-01,11,2024-Q4,738418,144,2,1,0,489.33
2025-03-01,12,2022-Q1,366331,45,17,8,3,7569.16
2025-03-01,12,2022-Q2,424746,52,18,8,6,14262.31
2025-03-01,12,2022-Q3,364794,47,13,8,4,12135.77
2025-03-01,12,2022-Q4,409448,58,11,9,3,7733.93
2025-03-01,12,2023-Q1,516484,73,18,7,5,16050.25
2025-03-01,12,2023-Q2,596995,76,25,11,7,18575.21
2025-03-01,12,2023-Q3,639339,86,25,12,4,17904.64
2025-03-01,12,2023-Q4,669689,91,25,11,6,11839.24
2025-03-01,12,2024-Q1,795994,115,26,11,7,14169.7
2025-03-01,12,2024-Q2,804259,105,32,16,7,26365.21
2025-03-01,12,2024-Q3,893986,136,24,11,7,17429.31
2025-03-01,12,2024-Q4,913569,124,33,17,8,17333.44
2025-04-01,1,2022-Q1,757745,42,0,0,0,493.81
2025-04-01,1,2022-Q2,933245,50,1,0,0,595.55
2025-04-01,1,2022-Q3,975720,53,1,0,0,756.94
2025-04-01,1,2022-Q4,1061104,57,1,0,0,1036.86
2025-04-01,1,2023-Q1,1192462,65,1,0,0,1482.56
2025-04-01,1,2023-Q2,1263427,69,1,0,0,1479.71
2025-04-01,1,2023-Q3,1445783,79,1,0,0,1355.44
2025-04-01,1,2023-Q4,1701088,91,2,1,0,900.65
2025-04-01,1,2024-Q1,1495408,81,2,0,0,1909.07
2025-04-01,1,2024-Q2,1893638,103,2,0,0,1986.61
2025-04-01,1,2024-Q3,2038814,111,2,0,0,1951.5
2025-04-01,1,,1538007,84,1,0,0,1131.85
2025-04-01,1,,1639832,89,2,0,0,1338.6
2025-04-01,2,2022-Q1,883223,44,2,2,1,4283.43
2025-04-01,2,2022-Q2,731419,36,3,1,0,2901.71
2025-04-01,2,,821335,40,3,1,1,5708.1
2025-04-01,2,2022-Q4,1164102,60,3,1,0,3900.41
2025-04-01,2,2023-Q1,1042911,51,4,1,1,5196.79
2025-04-01,2,2023-Q2,1469329,74,4,2,1,9101.55
2025-04-01,2,2023-Q3,1327753,65,5,2,1,10539.58
2025-04-01,2,2023-Q4,1202468,61,3,2,0,6906.5
2025-04-01,2,2024-Q1,1770783,91,4,2,1,8311.14
2025-04-01,2,2024-Q2,1967121,97,7,4,1,8084.15
2025-04-01,2,2024-Q3,1915111,97,5,3,1,14365.76
2025-04-01,2,2024-Q4,1730109,87,5,3,1,15538.51
2025-04-01,2,2025-Q1,1751585,90,4,2,1,8711.34
2025-04-01,3,2022-Q1,840275,31,9,4,2,21635.53
2025-04-01,3,2022-Q2,1071018,36,13,7,3,25356.61
2025-04-01,3,2022-Q3,1112869,37,12,8,4,24036.5
2025-04-01,3,2022-Q4,1096180,37,14,5,4,26971.18
2025-04-01,3,2023-Q1,1267541,47,13,6,4,28445.93
2025-04-01,3,2023-Q2,1462527,54,15,9,3,20032.11
2025-04-01,3,2023-Q3,1487822,51,17,9,5,45448.06
2025-04-01,3,,1591439,65,12,7,4,29510.35
2025-04-01,3,,1354565,55,12,5,3,19067.98
2025-04-01,3,2024-Q2,1927778,73,21,8,5,26989.44
2025-04-01,3,2024-Q3,1660402,67,16,6,3,43627.2
2025-04-01,3,2024-Q4,1950428,80,15,8,5,40223.66
2025-04-01,3,2025-Q1,1668160,70,12,6,4,50535.93
2025-04-01,4,2022-Q1,2295384,64,1,0,0,3371.71
2025-04-01,4,2022-Q2,2509960,70,1,0,0,3425.89
2025-04-01,4,2022-Q3,2971867,82,1,1,0,3516.23
2025-04-01,4,2022-Q4,2880415,81,1,0,0,2243.05
2025-04-01,4,2023-Q1,3479703,97,1,1,0,5137.45
2025-04-01,4,2023-Q2,2989383,83,2,0,0,2474.53
2025-04-01,4,2023-Q3,3186425,90,1,0,0,3794.9
2025-04-01,4,2023-Q4,4434406,122,3,1,0,6194.78
2025-04-01,4,2024-Q1,3220624,90,2,0,0,2051.73
2025-04-01,4,2024-Q2,3681685,103,2,0,0,2538.71
2025-04-01,4,2024-Q3,5296295,147,3,1,0,5952.19
2025-04-01,4,2024-Q4,5611879,157,2,1,0,5736.18
2025-04-01,4,2025-Q1,5504336,154,2,1,0,5360.76
2025-04-01,5,2022-Q1,2264414,63,1,0,0,1211.79
2025-04-01,5,2022-Q2,2479030,68,2,0,0,1602.42
2025-04-01,5,2022-Q3,2046920,57,1,0,0,2813.61
2025-04-01,5,2022-Q4,2916992,81,2,0,0,4223.63
2025-04-01,5,2023-Q1,3293981,91,2,1,0,1772.03
2025-04-01,5,2023-Q2,2722585,75,2,0,0,1542.31
2025-04-01,5,2023-Q3,3689626,102,2,1,0,3184.79
2025-04-01,5,2023-Q4,3660756,102,2,0,0,3998.27
2025-04-01,5,2024-Q1,3404303,94,2,1,0,2114.13
2025-04-01,5,,4091413,113,2,1,0,4427.04
2025-04-01,5,2024-Q3,3669253,102,2,0,0,5306.47
2025-04-01,5,2024-Q4,4205700,118,2,0,0,3070.98
2025-04-01,5,2025-Q1,5388017,149,3,1,0,4985.77
2025-04-01,6,,1749253,44,4,1,0,11524.2
2025-04-01,6,2022-Q2,2183394,55,3,3,1,6671.53
2025-04-01,6,2022-Q3,2814328,72,5,2,1,16202.95
2025-04-01,6,2022-Q4,2374415,60,5,1,1,9064.73
2025-04-01,6,2023-Q1,3120122,78,6,4,1,12019.04
2025-04-01,6,2023-Q2,3836511,97,9,2,1,18325.44
2025-04-01,6,2023-Q3,3988002,104,5,3,1,12254.75
2025-04-01,6,2023-Q4,3563340,92,6,2,1,29068.06
2025-04-01,6,2024-Q1,4711057,116,11,5,2,23916.88
2025-04-01,6,2024-Q2,4133980,107,7,3,1,36411.81
2025-04-01,6,2024-Q3,5143329,133,8,3,2,34001.72
2025-04-01,6,2024-Q4,4611101,118,9,3,1,37021.67
2025-04-01,6,2025-Q1,4280041,113,5,3,1,38433.81
2025-04-01,7,2022-Q1,5306434,18,0,0,0,6893.14
2025-04-01,7,2022-Q2,7862608,28,0,0,0,10068.35
2025-04-01,7,2022-Q3,7485439,26,0,0,0,9738.33
2025-04-01,7,2022-Q4,8937051,31,0,0,0,13290.51
2025-04-01,7,2023-Q1,10353369,36,0,0,0,5819.88
2025-04-01,7,2023-Q2,11159680,39,0,0,0,8920.99
2025-04-01,7,2023-Q3,10036429,35,0,0,0,11070.81
2025-04-01,7,2023-Q4,13196363,47,0,0,0,11510.24
2025-04-01,7,2024-Q1,10156703,35,1,0,0,8287.77
2025-04-01,7,2024-Q2,10942480,39,0,0,0,13293.67
2025-04-01,7,2024-Q3,15939524,55,1,0,0,16456.77
2025-04-01,7,2024-Q4,15087759,53,0,0,0,14788.07
2025-04-01,7,2025-Q1,13225889,47,0,0,0,10624.98
2025-04-01,8,2022-Q1,4921511,17,0,0,0,2836.82
2025-04-01,8,,6382701,22,0,0,0,5531.11
2025-04-01,8,2022-Q3,8513385,30,0,0,0,11558.12
2025-04-01,8,2022-Q4,7162376,25,0,0,0,8288.6
2025-04-01,8,2023-Q1,8388177,29,0,0,0,9978.9
2025-04-01,8,,10088421,36,0,0,0,15076.61
2025-04-01,8,2023-Q3,8723270,31,0,0,0,11299.78
2025-04-01,8,,11449872,40,0,0,0,12166.66
2025-04-01,8,,12836566,44,1,0,0,7655.19
2025-04-01,8,2024-Q2,10856363,38,0,0,0,8192.49
2025-04-01,8,2024-Q3,12079746,43,0,0,0,15148.31
2025-04-01,8,2024-Q4,13835312,49,0,0,0,9763.72
2025-04-01,8,2025-Q1,12232368,43,0,0,0,14026.08
2025-04-01,9,2022-Q1,6693089,21,1,1,0,32236.59
2025-04-01,9,,7949189,26,1,1,0,68236.85
2025-04-01,9,2022-Q3,7310670,23,2,1,0,25475.39
2025-04-01,9,2022-Q4,8887434,28,2,1,0,33407.81
2025-04-01,9,2023-Q1,9876617,33,1,1,0,42534.8
2025-04-01,9,2023-Q2,8580829,28,2,0,0,44996.79
2025-04-01,9,2023-Q3,9480701,31,1,1,0,75583.32
2025-04-01,9,2023-Q4,12996207,43,2,1,0,114240.64
2025-04-01,9,2024-Q1,11759641,38,2,1,0,77918.49
2025-04-01,9,2024-Q2,14726743,47,3,2,0,122765.27
2025-04-01,9,2024-Q3,11189078,35,3,1,0,96804.41
2025-04-01,9,2024-Q4,13053912,43,2,1,0,66301.55
2025-04-01,9,,15857764,53,2,1,0,121608.3
2025-04-01,10,2022-Q1,261233,47,3,2,0,2061.71
2025-04-01,10,2022-Q2,405288,73,4,3,1,3324.29
2025-04-01,10,2022-Q3,474509,81,8,3,2,4055.84
2025-04-01,10,2022-Q4,352753,62,4,3,1,2855.68
2025-04-01,10,2023-Q1,536211,95,9,2,1,3759.93
2025-04-01,10,2023-Q2,546935,99,5,4,1,3258.51
2025-04-01,10,2023-Q3,550463,99,6,4,1,2953.77
2025-04-01,10,2023-Q4,550781,98,9,2,1,2680.2
2025-04-01,10,2024-Q1,635714,116,6,4,1,2189.21
2025-04-01,10,2024-Q2,586661,105,6,4,2,5007.32
2025-04-01,10,2024-Q3,738123,130,9,6,2,3796.24
2025-04-01,10,2024-Q4,909550,161,14,4,2,5736.31
2025-04-01,10,2025-Q1,706123,127,7,5,2,2150.51
2025-04-01,11,2022-Q1,300543,59,1,0,0,331.86
2025-04-01,11,2022-Q2,410193,80,1,1,0,520.38
2025-04-01,11,2022-Q3,363469,71,1,0,0,334.37
2025-04-01,11,2022-Q4,502069,97,2,1,0,492.01
2025-04-01,11,2023-Q1,479024,92,3,0,0,646.98
2025-04-01,11,2023-Q2,585113,114,3,0,0,835.48
2025-04-01,11,2023-Q3,619650,121,2,0,0,562.54
2025-04-01,11,,651512,126,3,1,0,693.91
2025-04-01,11,2024-Q1,525256,104,1,0,0,684.39
2025-04-01,11,2024-Q2,778110,151,3,1,0,707.66
2025-04-01,11,2024-Q3,758542,147,3,1,0,638.35
2025-04-01,11,2024-Q4,750319,146,3,1,0,955.51
2025-04-01,11,2025-Q1,940771,185,2,1,0,1299.69
2025-04-01,12,2022-Q1,309711,45,10,4,2,5743.33
2025-04-01,12,,371301,45,17,9,3,12131.26
2025-04-01,12,2022-Q3,451889,61,13,10,6,5699.25
2025-04-01,12,2022-Q4,427180,53,19,8,5,7543.84
2025-04-01,12,,473426,61,20,7,6,14086.96
2025-04-01,12,2023-Q2,488623,69,14,10,4,15021.04
2025-04-01,12,2023-Q3,597795,78,26,8,7,16000.12
2025-04-01,12,2023-Q4,657510,89,22,14,6,13233.27
2025-04-01,12,2024-Q1,626699,90,17,11,7,8850.43
2025-04-01,12,2024-Q2,670112,93,26,9,6,16305.13
2025-04-01,12,2024-Q3,793596,112,24,17,5,12422.59
2025-04-01,12,,637293,88,20,13,6,16846.96
2025-04-01,12,2025-Q1,924715,133,26,19,6,11965.28
2025-05-01,1,2022-Q1,672766,36,1,0,0,351.93
2025-05-01,1,2022-Q2,1024853,55,1,0,0,775.15
2025-05-01,1,2022-Q3,857338,46,1,0,0,993.54
2025-05-01,1,2022-Q4,1100264,60,1,0,0,1147.55
2025-05-01,1,2023-Q1,1182900,64,1,0,0,1001.93
2025-05-01,1,2023-Q2,1287457,70,1,0,0,1295.36
2025-05-01,1,2023-Q3,1380733,75,1,0,0,1245.02
2025-05-01,1,2023-Q4,1666158,90,1,1,0,954.41
2025-05-01,1,2024-Q1,1644493,89,2,0,0,1938.71
2025-05-01,1,2024-Q2,1500150,82,1,0,0,1564.07
2025-05-01,1,2024-Q3,1765983,96,2,0,0,1813.23
2025-05-01,1,2024-Q4,1710975,94,1,0,0,1808.0
2025-05-01,1,2025-Q1,2077231,113,2,0,0,2628.64
2025-05-01,2,2022-Q1,941076,49,2,1,0,3357.12
2025-05-01,2,,1021201,50,4,2,0,5655.25
2025-05-01,2,2022-Q3,1134896,55,5,2,1,3633.35
2025-05-01,2,2022-Q4,926203,48,2,1,0,5112.76
2025-05-01,2,2023-Q1,1097639,57,2,1,0,6568.5
2025-05-01,2,2023-Q2,1078619,53,4,1,1,5925.52
2025-05-01,2,2023-Q3,1538608,77,5,3,0,4763.83
2025-05-01,2,2023-Q4,1395811,70,4,2,1,10204.58
2025-05-01,2,2024-Q1,1465035,74,5,1,1,6661.75
2025-05-01,2,2024-Q2,1404451,72,5,1,0,7192.78
2025-05-01,2,2024-Q3,2125750,107,7,3,1,10616.2
2025-05-01,2,2024-Q4,1924171,98,5,2,1,12386.03
2025-05-01,2,2025-Q1,1993956,103,4,2,1,7095.48
2025-05-01,3,2022-Q1,932906,41,5,4,1,18196.36
2025-05-01,3,2022-Q2,888055,40,4,3,2,15740.19
2025-05-01,3,2022-Q3,977261,44,5,3,2,8428.92
2025-05-01,3,2022-Q4,1281985,59,6,4,2,11097.44
2025-05-01,3,2023-Q1,1069811,46,9,2,2,22218.03
2025-05-01,3,2023-Q2,1440818,63,11,4,2,18973.46
2025-05-01,3,2023-Q3,1295399,55,9,5,2,27626.48
2025-05-01,3,2023-Q4,1508025,65,9,6,3,17870.21
2025-05-01,3,2024-Q1,1428971,64,10,3,2,16292.6
2025-05-01,3,2024-Q2,1474131,63,10,5,3,29492.52
2025-05-01,3,2024-Q3,2001449,88,14,5,4,45003.12
2025-05-01,3,2024-Q4,2157017,98,14,4,3,24002.02
2025-05-01,3,2025-Q1,1776505,84,7,5,2,29496.2
2025-05-01,4,2022-Q1,2267184,63,1,0,0,3314.6
2025-05-01,4,2022-Q2,2171383,61,1,0,0,1411.47
2025-05-01,4,2022-Q3,2488343,70,1,0,0,1864.19
2025-05-01,4,2022-Q4,3099838,86,2,0,0,2181.29
2025-05-01,4,2023-Q1,2892127,80,2,0,0,2026.63
2025-05-01,4,2023-Q2,3532857,97,2,1,0,4119.86
2025-05-01,4,2023-Q3,3782187,106,2,0,0,3258.8
2025-05-01,4,2023-Q4,4003673,113,1,0,0,4078.57
2025-05-01,4,2024-Q1,4313735,121,1,1,0,5954.4
2025-05-01,4,2024-Q2,4638073,129,2,1,0,2909.52
2025-05-01,4,2024-Q3,4226336,119,1,0,0,5872.39
2025-05-01,4,2024-Q4,5163658,145,2,0,0,6179.89
2025-05-01,4,2025-Q1,5733161,159,3,1,0,8336.38
2025-05-01,5,2022-Q1,1651221,47,0,0,0,1176.9
2025-05-01,5,2022-Q2,1819921,50,1,0,0,2469.54
2025-05-01,5,2022-Q3,2535188,71,1,0,0,3248.96
2025-05-01,5,2022-Q4,2568960,71,2,0,0,1293.83
2025-05-01,5,2023-Q1,3186283,90,1,0,0,2678.26
2025-05-01,5,2023-Q2,3084714,86,2,0,0,1789.47
2025-05-01,5,2023-Q3,3727608,103,2,1,0,5530.96
2025-05-01,5,2023-Q4,4333041,120,2,1,0,5566.04
2025-05-01,5,2024-Q1,3996465,111,3,0,0,4400.07
2025-05-01,5,2024-Q2,3878579,109,1,0,0,2004.24
2025-05-01,5,2024-Q3,4650041,129,3,0,0,6814.82
2025-05-01,5,2024-Q4,4879175,136,3,0,0,5403.28
2025-05-01,5,2025-Q1,4008234,112,1,1,0,4534.17
2025-05-01,6,2022-Q1,2022848,54,2,1,0,10724.24
2025-05-01,6,2022-Q2,2470592,64,3,2,1,17790.35
2025-05-01,6,2022-Q3,2216520,56,5,2,0,11291.61
2025-05-01,6,2022-Q4,3008231,77,4,3,1,22378.59
2025-05-01,6,2023-Q1,2904299,74,5,2,1,9575.86
2025-05-01,6,2023-Q2,3644169,94,6,3,1,16348.26
2025-05-01,6,2023-Q3,2807340,73,4,2,1,12060.03
2025-05-01,6,2023-Q4,3455666,89,6,3,0,15878.53
2025-05-01,6,2024-Q1,4688718,119,8,4,2,19141.42
2025-05-01,6,2024-Q2,3590102,95,4,2,1,19725.02
2025-05-01,6,2024-Q3,3697248,96,6,2,1,15722.22
2025-05-01,6,2024-Q4,5561784,148,6,3,1,13938.41
2025-05-01,6,2025-Q1,5869276,152,10,3,2,43833.36
2025-05-01,7,2022-Q1,5122293,18,0,0,0,5080.07
2025-05-01,7,2022-Q2,6978207,24,0,0,0,7262.38
2025-05-01,7,2022-Q3,6496802,23,0,0,0,6790.02
2025-05-01,7,2022-Q4,9397517,33,0,0,0,5918.92
2025-05-01,7,2023-Q1,8746536,31,0,0,0,7734.65
2025-05-01,7,2023-Q2,8372321,29,0,0,0,11222.68
2025-05-01,7,2023-Q3,12475822,44,0,0,0,14831.46
2025-05-01,7,2023-Q4,9698485,34,0,0,0,12029.86
2025-05-01,7,2024-Q1,11829375,42,0,0,0,7419.51
2025-05-01,7,2024-Q2,11627622,41,0,0,0,16901.11
2025-05-01,7,2024-Q3,13583407,48,0,0,0,17923.76
2025-05-01,7,2024-Q4,14493033,50,1,0,0,10944.23
2025-05-01,7,2025-Q1,16451697,57,1,0,0,11103.47
2025-05-01,8,2022-Q1,5809725,20,0,0,0,3340.09
2025-05-01,8,2022-Q2,6084631,21,0,0,0,8330.97
2025-05-01,8,2022-Q3,6713596,23,0,0,0,3928.42
2025-05-01,8,2022-Q4,8751236,31,0,0,0,10452.09
2025-05-01,8,2023-Q1,9477871,33,0,0,0,8015.66
2025-05-01,8,2023-Q2,8466969,30,0,0,0,8448.59
2025-05-01,8,2023-Q3,11723102,41,0,0,0,14707.35
2025-05-01,8,2023-Q4,12746208,45,0,0,0,17918.32
2025-05-01,8,2024-Q1,14186536,49,1,0,0,20246.35
2025-05-01,8,2024-Q2,12115518,42,1,0,0,10767.39
2025-05-01,8,2024-Q3,12623283,45,0,0,0,17382.45
2025-05-01,8,2024-Q4,12734480,45,0,0,0,11869.51
2025-05-01,8,2025-Q1,15542294,54,1,0,0,18694.86
2025-05-01,9,2022-Q1,6121380,20,1,0,0,41133.43
2025-05-01,9,2022-Q2,7080162,24,1,0,0,31073.52
2025-05-01,9,2022-Q3,7134177,24,1,0,0,37614.9
2025-05-01,9,2022-Q4,9353290,31,2,0,0,33195.84
2025-05-01,9,2023-Q1,7827889,26,1,0,0,53368.84
2025-05-01,9,2023-Q2,11551724,37,3,1,0,76987.0
2025-05-01,9,2023-Q3,9549183,32,2,0,0,26402.83
2025-05-01,9,2023-Q4,12156523,39,3,1,0,51010.06
2025-05-01,9,2024-Q1,11907855,39,2,1,0,53818.02
2025-05-01,9,2024-Q2,13313935,45,1,1,0,53888.36
2025-05-01,9,2024-Q3,14321511,47,3,1,0,64582.99
2025-05-01,9,2024-Q4,12013188,39,2,1,0,45716.73
2025-05-01,9,2025-Q1,14430200,48,2,1,0,42593.39
2025-05-01,10,2022-Q1,339292,61,3,2,1,1875.08
2025-05-01,10,2022-Q2,400967,73,4,2,1,2765.83
2025-05-01,10,2022-Q3,441094,78,7,2,1,2915.29
2025-05-01,10,2022-Q4,448102,82,4,2,1,3304.18
2025-05-01,10,2023-Q1,491819,89,6,2,1,3408.04
2025-05-01,10,2023-Q2,420826,76,5,2,1,2156.81
2025-05-01,10,2023-Q3,553286,100,6,3,1,1837.88
2025-05-01,10,2023-Q4,607747,113,5,2,1,3687.53
2025-05-01,10,2024-Q1,533331,96,7,2,1,2966.58
2025-05-01,10,2024-Q2,598952,107,7,4,1,3281.41
2025-05-01,10,2024-Q3,844218,156,6,5,1,5281.87
2025-05-01,10,2024-Q4,657280,121,6,3,1,2866.96
2025-05-01,10,2025-Q1,932844,169,11,5,1,4829.19
2025-05-01,11,2022-Q1,336609,66,1,0,0,327.48
2025-05-01,11,2022-Q2,333511,65,1,0,0,233.58
2025-05-01,11,2022-Q3,424127,83,1,0,0,244.6
2025-05-01,11,2022-Q4,470784,92,2,0,0,353.74
2025-05-01,11,2023-Q1,463641,90,1,1,0,277.29
2025-05-01,11,2023-Q2,556545,108,3,0,0,492.49
2025-05-01,11,2023-Q3,525245,103,2,0,0,755.28
2025-05-01,11,2023-Q4,593228,115,2,1,0,883.3
2025-05-01,11,2024-Q1,577923,111,3,1,0,722.01
2025-05-01,11,2024-Q2,567894,112,1,0,0,634.77
2025-05-01,11,2024-Q3,706222,138,3,0,0,786.56
2025-05-01,11,2024-Q4,650433,127,2,1,0,967.7
2025-05-01,11,2025-Q1,886353,174,2,1,0,664.06
2025-05-01,12,2022-Q1,285784,45,7,3,2,3573.47
2025-05-01,12,2022-Q2,324383,50,7,5,2,3396.91
2025-05-01,12,2022-Q3,432105,65,13,6,2,9438.56
2025-05-01,12,2022-Q4,464701,74,10,6,2,9816.18
2025-05-01,12,2023-Q1,493078,79,9,8,2,11029.67
2025-05-01,12,2023-Q2,416246,66,10,4,3,8147.15
2025-05-01,12,2023-Q3,509659,82,11,6,2,5544.77
2025-05-01,12,2023-Q4,542910,87,12,5,4,8868.34
2025-05-01,12,2024-Q1,726057,113,15,11,6,7918.48
2025-05-01,12,2024-Q2,724797,113,17,10,4,6330.31
2025-05-01,12,2024-Q3,813141,127,21,10,4,11821.01
2025-05-01,12,2024-Q4,772149,125,20,6,3,14362.29
2025-05-01,12,2025-Q1,908754,148,15,11,7,18535.0
2025-06-01,1,2022-Q1,877538,47,1,0,0,922.22
2025-06-01,1,2022-Q2,938862,51,1,0,0,1221.55
2025-06-01,1,2022-Q3,923457,50,1,0,0,1158.92
2025-06-01,1,2022-Q4,1315196,72,1,0,0,1033.21
2025-06-01,1,2023-Q1,1253377,68,1,0,0,1692.31
2025-06-01,1,2023-Q2,1090480,59,1,0,0,1053.63
2025-06-01,1,2023-Q3,1636895,89,1,0,0,1121.02
2025-06-01,1,2023-Q4,1282144,69,2,0,0,1645.04
2025-06-01,1,2024-Q1,1758858,95,1,1,0,2628.6
2025-06-01,1,2024-Q2,1542628,83,2,0,0,964.81
2025-06-01,1,2024-Q3,1641779,90,1,0,0,1826.52
2025-06-01,1,2024-Q4,1845031,101,1,0,0,1720.52
2025-06-01,1,2025-Q1,2397951,130,3,0,0,3064.84
2025-06-01,2,2022-Q1,873017,45,2,1,0,2311.6
2025-06-01,2,2022-Q2,949369,47,3,2,0,5651.83
2025-06-01,2,2022-Q3,981520,50,3,1,0,3521.75
2025-06-01,2,2022-Q4,1012046,52,2,2,0,2534.73
2025-06-01,2,2023-Q1,1081521,54,3,2,1,3731.11
2025-06-01,2,2023-Q2,1269935,62,5,2,1,7720.03
2025-06-01,2,2023-Q3,1188684,61,4,1,0,7704.04
2025-06-01,2,2023-Q4,1576872,79,6,1,1,8085.35
2025-06-01,2,2024-Q1,1501615,76,4,2,1,5706.63
2025-06-01,2,2024-Q2,1436546,72,4,2,1,9174.28
2025-06-01,2,2024-Q3,2077021,107,5,2,1,9905.35
2025-06-01,2,2024-Q4,1713638,88,5,2,0,8510.78
2025-06-01,2,2025-Q1,1746950,91,5,1,0,8347.99
2025-06-01,3,2022-Q1,805717,34,6,3,1,14355.63
2025-06-01,3,2022-Q2,725616,30,6,3,1,14921.7
2025-06-01,3,2022-Q3,1004892,41,8,4,2,16162.23
2025-06-01,3,2022-Q4,1306002,57,8,5,2,22070.71
2025-06-01,3,2023-Q1,1267399,55,8,5,2,15594.01
2025-06-01,3,2023-Q2,1379768,59,10,5,2,22498.98
2025-06-01,3,2023-Q3,1621400,74,8,5,3,35167.68
2025-06-01,3,2023-Q4,1599194,68,12,6,2,17972.78
2025-06-01,3,2024-Q1,1763491,81,7,7,2,25860.48
2025-06-01,3,2024-Q2,1500078,66,9,6,2,31900.76
2025-06-01,3,2024-Q3,1817817,86,7,5,2,19331.06
2025-06-01,3,2024-Q4,2203638,104,9,7,2,39163.1
2025-06-01,3,2025-Q1,2022188,94,10,4,4,26929.8
2025-06-01,4,2022-Q1,1903185,53,1,0,0,1597.96
2025-06-01,4,2022-Q2,2033002,57,1,0,0,2712.12
2025-06-01,4,2022-Q3,2022965,56,1,0,0,2536.36
2025-06-01,4,2022-Q4,2603716,73,1,0,0,1636.49
2025-06-01,4,2023-Q1,3434247,95,2,1,0,2929.55
2025-06-01,4,2023-Q2,3071871,86,1,0,0,2621.49
2025-06-01,4,2023-Q3,2983887,83,2,0,0,4103.72
2025-06-01,4,2023-Q4,3694319,103,2,0,0,3182.39
2025-06-01,4,2024-Q1,4792557,132,3,1,0,6223.91
2025-06-01,4,2024-Q2,4797202,134,2,1,0,5635.59
2025-06-01,4,2024-Q3,3873548,108,2,0,0,4128.09
2025-06-01,4,2024-Q4,5525384,154,2,1,0,7412.49
2025-06-01,4,2025-Q1,4241905,118,2,1,0,6177.47
2025-06-01,5,2022-Q1,2219560,61,2,0,0,3259.72
2025-06-01,5,2022-Q2,2559416,72,1,0,0,2785.98
2025-06-01,5,2022-Q3,2656827,74,1,0,0,2996.67
2025-06-01,5,2022-Q4,3295205,92,2,0,0,4916.59
2025-06-01,5,2023-Q1,2680760,74,2,0,0,2214.22
2025-06-01,5,2023-Q2,2841084,80,1,0,0,2235.29
2025-06-01,5,2023-Q3,4165185,117,2,0,0,2896.22
2025-06-01,5,2023-Q4,3548145,98,2,1,0,2149.21
2025-06-01,5,2024-Q1,4122882,115,2,0,0,4088.2
2025-06-01,5,2024-Q2,4817995,134,2,1,0,2686.76
2025-06-01,5,2024-Q3,4771496,134,2,0,0,5525.58
2025-06-01,5,2024-Q4,5371964,149,3,1,0,7544.68
2025-06-01,5,2025-Q1,5641339,158,2,1,0,6261.36
2025-06-01,6,2022-Q1,2262736,58,4,2,0,12786.29
2025-06-01,6,2022-Q2,1958175,52,2,1,0,10190.48
2025-06-01,6,2022-Q3,2090027,54,4,1,0,10616.79
2025-06-01,6,2022-Q4,2910410,75,4,3,1,16147.68
2025-06-01,6,2023-Q1,2423146,61,5,2,1,12240.2
2025-06-01,6,2023-Q2,3022034,79,4,2,1,12799.57
2025-06-01,6,2023-Q3,2943336,76,6,2,0,20260.88
2025-06-01,6,2023-Q4,3967699,101,8,3,1,29536.05
2025-06-01,6,2024-Q1,4732877,123,9,2,1,31833.82
2025-06-01,6,2024-Q2,3593688,94,4,3,1,25367.46
2025-06-01,6,2024-Q3,3939152,103,6,2,1,19481.15
2025-06-01,6,2024-Q4,3927659,105,4,2,1,28579.83
2025-06-01,6,2025-Q1,5291211,139,8,3,1,28827.72
2025-06-01,7,2022-Q1,7198246,25,0,0,0,4991.34
2025-06-01,7,2022-Q2,5438895,19,0,0,0,4144.75
2025-06-01,7,2022-Q3,7593569,27,0,0,0,8572.07
2025-06-01,7,,7546256,26,0,0,0,5322.83
2025-06-01,7,2023-Q1,9363487,33,0,0,0,9922.42
2025-06-01,7,2023-Q2,8106493,28,0,0,0,5430.23
2025-06-01,7,2023-Q3,10103114,36,0,0,0,14630.5
2025-06-01,7,2023-Q4,9145863,32,0,0,0,8879.79
2025-06-01,7,2024-Q1,13606593,47,1,0,0,11735.97
2025-06-01,7,2024-Q2,10910504,38,0,0,0,8457.65
2025-06-01,7,2024-Q3,13395709,46,1,0,0,18739.16
2025-06-01,7,2024-Q4,12307704,43,0,0,0,8568.48
2025-06-01,7,2025-Q1,15181626,53,1,0,0,16079.86
2025-06-01,8,2022-Q1,4958986,17,0,0,0,3476.43
2025-06-01,8,2022-Q2,7681333,27,0,0,0,7834.92
2025-06-01,8,2022-Q3,6073018,21,0,0,0,6753.29
2025-06-01,8,2022-Q4,7728707,27,0,0,0,4715.17
2025-06-01,8,,9927084,34,1,0,0,12853.16
2025-06-01,8,2023-Q2,10583115,36,1,0,0,6192.34
2025-06-01,8,2023-Q3,12189219,42,1,0,0,15986.38
2025-06-01,8,2023-Q4,12962330,45,1,0,0,9593.68
2025-06-01,8,2024-Q1,9653351,34,0,0,0,6035.92
2025-06-01,8,2024-Q2,11847122,42,0,0,0,15685.12
2025-06-01,8,2024-Q3,12721880,45,0,0,0,14786.0
2025-06-01,8,2024-Q4,13696422,48,0,0,0,11251.51
2025-06-01,8,2025-Q1,12866694,44,1,0,0,13026.74
2025-06-01,9,2022-Q1,5999769,20,1,0,0,18771.55
2025-06-01,9,2022-Q2,6686740,22,1,0,0,23675.64
2025-06-01,9,2022-Q3,8548387,29,1,0,0,27842.59
2025-06-01,9,2022-Q4,8123164,27,1,1,0,51774.1
2025-06-01,9,2023-Q1,8919205,28,2,1,0,61327.48
2025-06-01,9,2023-Q2,8023560,27,1,0,0,50674.43
2025-06-01,9,2023-Q3,9010760,29,2,1,0,56106.42
2025-06-01,9,2023-Q4,12244116,40,2,1,0,83655.89
2025-06-01,9,2024-Q1,12071731,41,1,1,0,44810.57
2025-06-01,9,2024-Q2,14873055,49,3,1,0,82400.77
2025-06-01,9,2024-Q3,13776538,47,2,0,0,84803.48
2025-06-01,9,2024-Q4,14465709,48,2,1,0,81112.13
2025-06-01,9,2025-Q1,12001008,40,2,0,0,86513.85
2025-06-01,10,2022-Q1,284247,51,64,58,0,812.3
2025-06-01,10,2022-Q2,338321,61,81,73,0,964.74
2025-06-01,10,2022-Q3,386685,69,5,2,1,2582.76
2025-06-01,10,2022-Q4,473891,85,6,2,1,2022.11
2025-06-01,10,2023-Q1,396943,73,4,2,0,2408.85
2025-06-01,10,2023-Q2,477448,88,4,2,1,2348.04
2025-06-01,10,2023-Q3,522452,94,7,2,1,2696.77
2025-06-01,10,2023-Q4,491449,89,6,2,1,3352.45
2025-06-01,10,2024-Q1,690128,125,151,142,2,3593.38
2025-06-01,10,2024-Q2,793263,146,7,3,2,5394.12
2025-06-01,10,2024-Q3,844252,151,10,5,2,5824.62
2025-06-01,10,2024-Q4,843684,156,184,172,2,3783.54
2025-06-01,10,2025-Q1,952688,174,10,4,2,6731.95
2025-06-01,11,2022-Q1,376833,74,1,0,0,329.22
2025-06-01,11,2022-Q2,384749,74,2,0,0,435.57
2025-06-01,11,2022-Q3,395810,77,2,0,0,333.62
2025-06-01,11,2022-Q4,375260,73,84,81,0,292.39
2025-06-01,11,2023-Q1,446041,87,2,0,0,607.73
2025-06-01,11,2023-Q2,448024,87,2,0,0,543.26
2025-06-01,11,2023-Q3,592328,116,2,0,0,859.37
2025-06-01,11,2023-Q4,589957,115,2,0,0,615.51
2025-06-01,11,2024-Q1,758377,147,166,157,0,1112.8
2025-06-01,11,2024-Q2,596084,116,2,1,0,332.39
2025-06-01,11,2024-Q3,721938,141,2,1,0,912.22
2025-06-01,11,2024-Q4,763535,150,2,0,0,1001.76
2025-06-01,11,2025-Q1,803883,156,173,165,0,736.07
2025-06-01,12,2022-Q1,293583,46,77,62,2,4679.17
2025-06-01,12,2022-Q2,296595,49,6,3,1,5142.54
2025-06-01,12,2022-Q3,424854,68,9,4,3,4246.26
2025-06-01,12,2022-Q4,430477,68,8,7,3,7758.88
2025-06-01,12,2023-Q1,556603,84,15,8,4,4240.34
2025-06-01,12,2023-Q2,540321,85,13,7,3,12136.51
2025-06-01,12,2023-Q3,626970,101,11,9,4,10158.43
2025-06-01,12,2023-Q4,652871,104,15,7,4,8264.47
2025-06-01,12,2024-Q1,698404,116,11,7,5,9390.26
2025-06-01,12,2024-Q2,699862,115,12,8,4,9513.67
2025-06-01,12,2024-Q3,798190,134,11,10,4,17579.81
2025-06-01,12,2024-Q4,839264,138,18,6,5,16973.55
2025-06-01,12,2025-Q1,873741,146,15,7,6,14272.91
